CODE_BAR,PRIX,TYPE_PROMO,NUM_PRODUIT,REDUCTION
8000070200340,10.07,reduction,2,68.0
80135463,1.85,reduction,2,50.0
3046920010382,2.12,reduction,2,50.0
8013108699504,4.15,reduction,2,50.0
3045140015832,3.3,combinaison,3,100.0
5010106114414,26.75,iRemise,1,3.5
7613034932266,3.39,reduction,2,68.0
8000500223369,3.65,reduction,2,50.0
8000500269169,1.95,reduction,2,50.0
3259426042935,2.79,reduction,1,30.0
3165957058010,1.74,combinaison,3,100.0
3270190008262,6.99,reduction,2,30.0
3256540001077,5.55,economie,1,34.0
3276558257211,2.5,iRemise,2,4.0
3412290016192,3.35,reduction,1,30.0
3523680438224,1.59,reduction,1,20.0
7613036750011,1.79,combinaison,3,100.0
3023290165409,1.99,reduction,2,50.0
3476810000702,7.9,catalogue,1,0.0
3228021170039,1.75,combinaison,3,100.0
3523680345249,7.42,Remise,1,25.0
8000070059313,7.14,reduction,2,68.0
3023290165393,1.99,reduction,2,50.0
5413458017578,8.89,catalogue,1,0.0
3560070936526,7.5,catalogue,1,0.0
5053827156189,3.79,combinaison,3,100.0
3012992421005,17.02,economie,1,34.0
3452200002211,3.39,reduction,2,68.0
8000430171464,2.48,catalogue,1,0.0
3181232180559,5.59,reduction,2,50.0
5050083542411,5.55,combinaison,3,100.0
3228857000852,1.56,combinaison,3,100.0
3276551806492,5.58,catalogue,1,0.0
3000001037576,1.09,iRemise,2,1.8
3047100000193,28.49,economie,1,34.0
3276551075003,17.98,catalogue,1,0.0
3270190025566,2.39,economie,1,20.0
3124480191182,1.95,combinaison,3,100.0
7622201788162,3.29,combinaison,3,100.0
8000500290415,5.49,reduction,2,60.0
3046920022651,1.45,reduction,2,50.0
3596690764157,2.3,catalogue,1,0.0
3033610069508,12.25,catalogue,1,0.0
3000000111772,5.97,catalogue,1,0.0
3523680468986,7.89,catalogue,1,0.0
3000000127513,3.59,catalogue,1,0.0
3276557594409,6.5,economie,1,30.0
3265980790489,4.69,reduction,2,50.0
3265980154182,4.69,reduction,2,50.0
3265980790465,4.69,reduction,2,50.0
3181238976446,5.59,reduction,2,50.0
3181232180504,5.59,reduction,2,50.0
3181232180511,5.59,reduction,2,50.0
3276559975923,4.99,catalogue,1,0.0
3265980157930,6.89,reduction,2,50.0
3265980157923,6.89,reduction,2,50.0
3265980153710,6.89,reduction,2,50.0
3276559975534,7.18,catalogue,1,0.0
3523680266070,0.59,catalogue,1,0.0
3265980129623,4.69,reduction,2,50.0
3265980126714,9.99,economie,1,20.0
3276551122110,12.49,catalogue,1,0.0
3276551122066,11.99,catalogue,1,0.0
3276551017157,17.98,catalogue,1,0.0
3276551122042,11.99,catalogue,1,0.0
3276559976692,11.98,catalogue,1,0.0
3276559976845,7.98,catalogue,1,0.0
3276551343409,16.78,catalogue,1,0.0
3276551406838,13.99,catalogue,1,0.0
3265980153499,7.49,catalogue,1,0.0
3265980153246,7.49,catalogue,1,0.0
3265980125496,7.49,catalogue,1,0.0
3265980157947,6.89,reduction,2,50.0
3302740058981,2.75,reduction,2,68.0
3302747233022,2.75,reduction,2,68.0
3302740046674,2.75,reduction,2,68.0
3302748259021,2.75,reduction,2,68.0
3560071012489,1.85,reduction,2,30.0
3230890016752,2.6,combinaison,3,100.0
3230890736643,2.6,combinaison,3,100.0
3230890016806,2.6,combinaison,3,100.0
3230890392115,2.6,combinaison,3,100.0
3245412155543,1.59,reduction,2,30.0
3596690149046,2.3,catalogue,1,0.0
3571492510003,8.99,economie,1,30.0
3033610062486,12.25,catalogue,1,0.0
3302748260027,2.75,reduction,2,68.0
3760253241076,17.9,economie,1,30.0
3292070000036,2.79,combinaison,3,100.0
2023040000005,1.79,iRemise,2,3.0
3276550563501,2.99,catalogue,1,0.0
3256549998798,2.15,combinaison,3,100.0
3256549998668,2.15,combinaison,3,100.0
3029330070054,1.99,reduction,2,68.0
3276550570974,2.99,catalogue,1,0.0
3523680391598,2.6,catalogue,1,0.0
3523680263178,2.6,catalogue,1,0.0
3523680335462,3.5,catalogue,1,0.0
3276550543336,3.99,catalogue,1,0.0
3276550577805,2.99,catalogue,1,0.0
3523680421370,11.5,catalogue,1,0.0
3173310017307,4.5,catalogue,1,0.0
3259426042300,1.81,reduction,1,34.0
3259426042317,1.81,reduction,1,34.0
5030765033215,17.9,catalogue,1,0.0
3276550575931,6.9,catalogue,1,0.0
3760197638338,5.99,iRemise,2,10.0
3760197638345,5.99,iRemise,2,10.0
3760197638321,5.99,iRemise,2,10.0
5011308301978,3.11,reduction,2,68.0
2023010000059,1.4,iRemise,2,2.5
3276559526507,1.4,iRemise,2,2.5
3276550363286,1.4,iRemise,2,2.5
3029330072331,1.99,reduction,2,68.0
3029330070023,1.89,reduction,2,68.0
3587220002504,3.98,catalogue,1,0.0
3587220003860,1.79,catalogue,1,0.0
3029330070047,1.99,reduction,2,68.0
3276556266574,2.9,catalogue,1,0.0
8710637105390,2.68,combinaison,3,100.0
8710637105352,2.68,combinaison,3,100.0
8710637106021,2.61,combinaison,3,100.0
8710637105376,2.64,combinaison,3,100.0
3270720017962,3.95,reduction,2,68.0
3523680466173,1.69,iRemise,2,3.0
3523680436213,1.69,iRemise,2,3.0
3523680432437,1.69,iRemise,2,3.0
3523680458222,1.99,iRemise,2,3.0
3523680458215,1.99,iRemise,2,3.0
3270720017245,3.05,reduction,2,68.0
3270720017252,3.05,reduction,2,68.0
3270720017269,3.05,reduction,2,68.0
3270720017993,3.95,reduction,2,68.0
3523680458208,1.99,iRemise,2,3.0
3270720017979,3.95,reduction,2,68.0
3523680458239,1.99,iRemise,2,3.0
3523680458246,1.99,iRemise,2,3.0
3276550444411,1.99,iRemise,2,3.0
3523680367180,1.99,iRemise,2,3.0
3276550374350,1.99,iRemise,2,3.0
3276550378556,1.99,iRemise,2,3.0
3276550443735,1.99,iRemise,2,3.0
3276555698604,1.99,iRemise,2,3.0
3276550417118,1.99,iRemise,2,3.0
3276550417132,1.99,iRemise,2,3.0
3276550259220,1.99,iRemise,2,3.0
3276550374558,1.99,iRemise,2,3.0
3276550374541,1.99,iRemise,2,3.0
3276550432029,1.99,iRemise,2,3.0
3270720005532,5.09,reduction,2,68.0
3270720014282,4.69,reduction,2,68.0
3270720400047,2.85,reduction,2,68.0
3270720125049,2.85,reduction,2,68.0
3270720000025,2.95,reduction,2,68.0
3270720125056,2.85,reduction,2,68.0
14113230049,4.65,reduction,2,68.0
14113230230,8.79,reduction,2,68.0
14113230025,4.65,reduction,2,68.0
14113230261,4.65,reduction,2,68.0
14113230018,4.65,reduction,2,68.0
3276552675028,0.99,iRemise,2,1.5
3270720000995,3.65,reduction,2,68.0
3270720000087,2.45,reduction,2,68.0
3280220918003,1.75,reduction,2,68.0
3276552684143,0.99,iRemise,2,1.5
3280220872015,2.05,reduction,2,68.0
3280222204135,3.2,reduction,2,68.0
3270720000094,3.5,reduction,2,68.0
3270720261006,1.95,reduction,2,68.0
3270720018068,2.99,reduction,2,68.0
3280220112166,1.95,reduction,2,68.0
3280220920006,1.87,reduction,2,68.0
3276555040885,0.99,iRemise,2,1.5
3276552684112,0.99,iRemise,2,1.5
3000001032670,0.8,iRemise,3,2.0
3280220921003,1.75,reduction,2,68.0
3280222510168,2.65,reduction,2,68.0
3276552684174,0.99,iRemise,2,1.5
3270720000292,3.0,reduction,2,68.0
3276554541338,1.79,catalogue,1,0.0
3270720004115,5.35,reduction,2,68.0
3276555792975,3.89,catalogue,1,0.0
3270720090088,3.8,reduction,2,68.0
3270720090095,3.8,reduction,2,68.0
3270720001800,4.15,reduction,2,68.0
3270720001817,4.65,reduction,2,68.0
3270720005594,4.55,reduction,2,68.0
3270720050402,4.09,reduction,2,68.0
3270720001541,3.8,reduction,2,68.0
3270726141234,4.45,reduction,2,68.0
3270720090064,3.7,reduction,2,68.0
3270720005600,4.89,reduction,2,68.0
3270720001565,3.8,reduction,2,68.0
3270720090057,3.6,reduction,2,68.0
3270720001596,3.85,reduction,2,68.0
3270720014145,4.59,reduction,2,68.0
3270720001558,3.8,reduction,2,68.0
3270720000308,2.25,reduction,2,68.0
3270720005693,2.25,reduction,2,68.0
3270727702250,3.19,reduction,2,68.0
3280220610181,2.65,reduction,2,68.0
5038862433174,3.81,reduction,2,68.0
5038862132817,3.81,reduction,2,68.0
5038862131490,3.81,reduction,2,68.0
5038862137140,3.81,reduction,2,68.0
3276552308865,0.99,iRemise,3,2.5
3276552672799,0.99,iRemise,2,1.5
3276555040724,0.99,iRemise,2,1.5
3270722500141,1.7,reduction,2,68.0
3270720005723,4.45,reduction,2,68.0
3270720080102,4.65,reduction,2,68.0
3280222410161,2.69,reduction,2,68.0
3280220923007,1.75,reduction,2,68.0
3280221906153,2.39,reduction,2,68.0
3276552684327,0.99,iRemise,2,1.5
3523680432901,3.89,catalogue,1,0.0
3270720005617,2.85,reduction,2,68.0
3270722253153,4.35,reduction,2,68.0
3270720021785,4.55,reduction,2,68.0
3270720021808,4.55,reduction,2,68.0
3270720400948,7.19,reduction,2,68.0
3270720021792,4.55,reduction,2,68.0
3270720007970,4.55,reduction,2,68.0
3270720007956,4.55,reduction,2,68.0
3270720007963,4.55,reduction,2,68.0
3270720000940,5.25,reduction,2,68.0
3270720812505,3.89,reduction,2,68.0
3270720017221,4.09,reduction,2,68.0
3280222109683,1.75,reduction,2,68.0
3276554880178,0.99,iRemise,2,1.5
3276552684280,0.99,iRemise,2,1.5
3276554880161,0.99,iRemise,2,1.5
3276555040922,0.99,iRemise,2,1.5
3276552672836,0.99,iRemise,2,1.5
3270721001175,5.45,reduction,2,68.0
3270720002234,6.19,reduction,2,68.0
3270720005808,8.45,reduction,2,68.0
3270720005815,4.75,reduction,2,68.0
3270720005822,8.45,reduction,2,68.0
14113913935,4.75,reduction,2,68.0
14113911719,5.29,reduction,2,68.0
14113911672,5.29,reduction,2,68.0
14113910569,5.29,reduction,2,68.0
14113913614,8.99,reduction,2,68.0
14113911702,5.29,reduction,2,68.0
14113912341,5.49,reduction,2,68.0
14113910811,8.99,reduction,2,68.0
3276550371366,1.99,iRemise,2,3.0
3280220807215,5.85,reduction,2,68.0
3280221712075,5.9,reduction,2,68.0
3000000034736,1.79,catalogue,1,0.0
3276554570444,1.2,reduction,1,20.0
3000001035008,0.99,iRemise,3,2.6
3280221111083,2.55,reduction,2,68.0
3280220907212,2.95,reduction,2,68.0
3270720000247,2.55,reduction,2,68.0
3270720000216,2.3,reduction,2,68.0
3270720000223,2.45,reduction,2,68.0
3061430008407,1.7,reduction,2,68.0
5411188112501,2.99,reduction,2,68.0
5411188114581,2.99,reduction,2,68.0
5411188129554,2.52,reduction,2,68.0
3760257090717,3.25,reduction,2,60.0
3184670003251,2.21,combinaison,3,100.0
3760257090861,3.25,reduction,2,60.0
3760257090731,3.49,reduction,2,60.0
3560071406042,6.9,reduction,2,30.0
3700864014102,4.55,catalogue,1,0.0
3033491408700,2.99,combinaison,3,100.0
3033491408380,1.75,combinaison,3,100.0
3023290055441,1.49,catalogue,1,0.0
3023290055373,1.49,catalogue,1,0.0
3023290055403,1.49,catalogue,1,0.0
3276559956311,0.69,catalogue,1,0.0
3523680289819,3.67,catalogue,1,0.0
3276559955659,0.62,catalogue,1,0.0
3276552173258,3.67,catalogue,1,0.0
3276559957233,5.07,catalogue,1,0.0
3276558862781,2.18,catalogue,1,0.0
3276559954782,0.69,catalogue,1,0.0
3449865305375,4.75,combinaison,3,100.0
3449865302664,2.83,combinaison,3,100.0
3560071445614,2.19,economie,1,20.0
3560071445621,2.19,economie,1,20.0
3270190020288,2.39,economie,1,20.0
3451790934988,2.49,reduction,2,60.0
3451790934865,2.49,reduction,2,60.0
3412290016208,3.35,reduction,1,30.0
3412290005950,3.35,reduction,1,30.0
3155251208082,2.55,reduction,2,50.0
3155251207146,2.55,reduction,2,50.0
3154230800965,2.18,reduction,2,68.0
3154230801023,2.18,reduction,2,68.0
3265980157978,6.89,reduction,2,50.0
3560070948215,1.5,reduction,2,20.0
3560070949052,1.35,reduction,2,20.0
8028257010353,5.59,combinaison,3,100.0
3245390136046,2.79,reduction,2,20.0
3664042004456,2.79,catalogue,1,0.0
3245390026002,2.79,reduction,2,20.0
3560070901210,1.94,reduction,2,20.0
3228020481464,2.57,combinaison,3,100.0
3228022200032,2.1,combinaison,3,100.0
3228021170015,2.1,combinaison,3,100.0
3228020481808,1.6,combinaison,3,100.0
3245390032010,1.75,reduction,2,20.0
3560070900770,2.25,reduction,2,20.0
3245390032034,1.72,reduction,2,20.0
3560071437893,1.85,reduction,2,30.0
3083681150988,2.57,reduction,1,34.0
3245390025968,2.95,reduction,2,20.0
3449865302657,2.83,combinaison,3,100.0
3275461006558,11.99,catalogue,1,0.0
8028257014139,4.59,combinaison,3,100.0
8028257013354,4.65,combinaison,3,100.0
3498301007243,7.89,combinaison,3,100.0
3498301004433,7.89,combinaison,3,100.0
3498301003399,7.89,combinaison,3,100.0
3083681151015,2.57,reduction,1,34.0
3608580062004,3.29,reduction,1,34.0
3245390207838,3.79,reduction,2,20.0
8028257013385,4.29,combinaison,3,100.0
8028257010407,5.19,combinaison,3,100.0
3184670005224,2.34,combinaison,3,100.0
3184670005286,2.5,combinaison,3,100.0
3275240312313,1.95,reduction,1,30.0
3270190027447,2.35,economie,1,20.0
3245411851149,1.99,economie,1,20.0
3033491280122,1.15,catalogue,1,0.0
3451790010484,2.89,reduction,2,60.0
3033491529740,1.15,catalogue,1,0.0
3033491280115,1.15,catalogue,1,0.0
3023290165386,1.99,reduction,2,50.0
3023290165348,1.99,reduction,2,50.0
3023290165362,1.99,reduction,2,50.0
3023290165379,1.99,reduction,2,50.0
3245390135094,3.19,reduction,2,20.0
3184670010532,2.39,combinaison,3,100.0
3184670016503,3.25,combinaison,3,100.0
3245414658769,2.71,reduction,2,40.0
3560071003876,2.71,reduction,2,40.0
3245412435263,2.71,reduction,2,40.0
3184670006429,1.94,combinaison,3,100.0
3184670006627,2.3,combinaison,3,100.0
3184670007808,1.7,combinaison,3,100.0
3184670001547,2.02,combinaison,3,100.0
3184670006115,2.2,combinaison,3,100.0
3184670006924,2.2,combinaison,3,100.0
3184670008928,3.04,combinaison,3,100.0
3023290165355,1.99,reduction,2,50.0
3184670006610,2.34,combinaison,3,100.0
3184670009512,2.25,combinaison,3,100.0
3184670006603,2.3,combinaison,3,100.0
3184670006658,2.3,combinaison,3,100.0
3184670008089,2.43,combinaison,3,100.0
3184670006917,2.01,combinaison,3,100.0
3123930612499,2.84,catalogue,1,0.0
3560070753772,4.89,reduction,2,20.0
3184670001998,1.78,combinaison,3,100.0
3184670001141,1.74,combinaison,3,100.0
3184670001288,2.77,combinaison,3,100.0
3184670001080,2.35,combinaison,3,100.0
3184670001158,1.74,combinaison,3,100.0
3184670001363,1.8,combinaison,3,100.0
3184670001882,1.98,combinaison,3,100.0
3184670001165,2.99,combinaison,3,100.0
3184670001387,2.21,combinaison,3,100.0
3358150003820,2.84,combinaison,3,100.0
3184670003060,1.86,combinaison,3,100.0
3760257090977,3.65,reduction,2,60.0
3245390233714,3.35,reduction,2,20.0
3073781178005,4.05,reduction,2,60.0
3560070927388,3.05,reduction,2,20.0
3560070888665,3.19,reduction,2,20.0
3560070966219,3.19,reduction,2,20.0
3245390144683,4.55,reduction,2,20.0
3560070970490,3.15,reduction,2,20.0
3560070738588,3.69,reduction,2,20.0
3560070753741,2.79,reduction,2,20.0
3245390137838,2.79,reduction,2,20.0
3245390025951,3.09,reduction,2,20.0
3245390019998,2.59,reduction,2,20.0
3245390211095,4.15,reduction,2,20.0
3560070845644,3.45,reduction,2,20.0
3560070966158,2.09,reduction,2,20.0
3245390129840,4.89,reduction,2,20.0
3276557479447,3.18,catalogue,1,0.0
3560071230623,2.49,catalogue,1,0.0
3560071224950,3.38,reduction,2,30.0
3560070887514,5.16,reduction,2,30.0
3560070910786,7.26,reduction,2,30.0
3560070939114,6.47,reduction,2,20.0
3560070910571,4.39,reduction,2,30.0
3560070910601,3.29,reduction,2,30.0
3560070753895,3.29,reduction,2,30.0
3560070753833,4.61,reduction,2,30.0
3560070910540,4.39,reduction,2,30.0
3560070511891,3.95,reduction,2,30.0
3560070857494,9.05,reduction,2,30.0
3560070554331,3.59,reduction,2,30.0
3560071019006,1.67,reduction,2,30.0
3560070179886,1.65,reduction,2,30.0
3560071239916,2.59,reduction,2,30.0
3560070884445,1.69,reduction,2,20.0
3560071223472,3.38,reduction,2,30.0
3560071018696,6.37,reduction,2,30.0
3560070148752,1.95,reduction,2,30.0
3560070910458,1.67,reduction,2,30.0
3560070818105,3.81,reduction,2,30.0
3560071178437,3.29,reduction,2,30.0
3560070753925,3.16,reduction,2,30.0
3560070100514,1.95,reduction,2,30.0
3560070168538,3.05,reduction,2,30.0
3560070910427,1.67,reduction,2,30.0
3560070978489,1.67,reduction,2,30.0
3560070910489,1.67,reduction,2,30.0
3560071178468,6.93,reduction,2,30.0
3270190207702,3.65,reduction,2,30.0
3560070168651,2.75,reduction,2,30.0
3560070100453,2.15,reduction,2,30.0
3560070100484,2.09,reduction,2,30.0
3560070884490,5.72,reduction,2,20.0
3560071019891,1.69,reduction,2,30.0
3276555434349,3.1,catalogue,1,0.0
3123930715008,3.04,reduction,1,34.0
3276555434813,4.05,catalogue,1,0.0
3276559924181,4.18,catalogue,1,0.0
3090291118239,2.95,reduction,2,50.0
3276554644954,3.98,catalogue,1,0.0
3276555430075,3.26,catalogue,1,0.0
3228021170053,2.05,combinaison,3,100.0
3228021170077,2.1,combinaison,3,100.0
3305510066629,3.49,combinaison,3,100.0
3276558291703,4.34,catalogue,1,0.0
3276555434394,3.87,catalogue,1,0.0
3664042006191,2.79,catalogue,1,0.0
3276555430334,3.1,catalogue,1,0.0
3276559900321,5.26,catalogue,1,0.0
3523680347878,3.65,catalogue,1,0.0
3523680297487,3.22,catalogue,1,0.0
3276551823864,4.78,catalogue,1,0.0
3294580901247,10.9,catalogue,1,0.0
3294580900790,10.9,catalogue,1,0.0
3294580900011,10.9,catalogue,1,0.0
3033491024979,1.8,combinaison,3,100.0
3184670002049,1.98,combinaison,3,100.0
3329770078918,2.0,catalogue,1,0.0
3560070428014,4.05,reduction,2,20.0
3245390233851,4.19,reduction,2,20.0
3033491024818,1.96,combinaison,3,100.0
3449865281709,2.59,combinaison,3,100.0
3240931541198,5.06,catalogue,1,0.0
3240931541792,5.06,catalogue,1,0.0
3240931543086,5.06,catalogue,1,0.0
3560070338832,1.89,reduction,2,40.0
3560070581221,2.99,reduction,2,30.0
3292070001781,2.79,combinaison,3,100.0
3292070001576,1.99,combinaison,3,100.0
3449860419855,5.71,combinaison,3,100.0
3449865268274,5.84,combinaison,3,100.0
3449868241007,5.84,combinaison,3,100.0
3449860419831,5.64,combinaison,3,100.0
3560071423896,2.49,catalogue,1,0.0
8028257013323,3.69,combinaison,3,100.0
8028257013330,3.45,combinaison,3,100.0
8028257010445,5.69,combinaison,3,100.0
8028257013361,4.29,combinaison,3,100.0
8028257010360,5.19,combinaison,3,100.0
8028257012982,5.59,combinaison,3,100.0
8028257010346,6.69,combinaison,3,100.0
3449865292583,4.92,reduction,1,34.0
3449865293351,4.63,reduction,1,34.0
3449865298431,4.92,reduction,1,34.0
3292070001569,1.99,combinaison,3,100.0
3560071012854,2.09,reduction,2,30.0
3560071012861,2.09,reduction,2,30.0
3154230806875,4.29,catalogue,1,0.0
3154230806783,4.29,catalogue,1,0.0
8719200031449,3.17,reduction,2,50.0
8719200031524,1.69,reduction,2,50.0
8719200227170,5.5,reduction,2,50.0
8719200196612,2.4,reduction,2,50.0
3366321051198,3.39,reduction,2,60.0
3366321051181,3.39,reduction,2,60.0
3560070441778,2.45,reduction,2,20.0
3560070484560,2.85,economie,1,20.0
3449865356728,2.99,combinaison,3,100.0
3700009274101,7.25,reduction,2,68.0
3700009274170,7.25,reduction,2,68.0
3560070692798,1.1,reduction,2,30.0
3560070892075,3.09,reduction,2,20.0
3560071224981,3.29,reduction,2,30.0
8028257010414,4.09,combinaison,3,100.0
8028257013460,2.75,combinaison,3,100.0
3245412730627,1.09,reduction,2,40.0
3245412730535,1.09,reduction,2,40.0
3033490005221,1.75,combinaison,3,100.0
3033490005238,1.69,combinaison,3,100.0
3033491753558,1.75,combinaison,3,100.0
3033490005245,1.69,combinaison,3,100.0
3560070060252,0.79,economie,1,20.0
3245390058782,2.85,reduction,2,20.0
3560070753802,2.39,reduction,2,20.0
3560070874989,3.29,reduction,2,30.0
3700864007128,2.45,reduction,2,50.0
3184670006641,2.3,combinaison,3,100.0
3560070157198,1.65,iRemise,2,2.99
3270190022527,0.75,reduction,2,30.0
3270190022534,0.75,reduction,2,30.0
3240931547145,4.14,catalogue,1,0.0
3266140062200,5.45,catalogue,1,0.0
3700009274965,7.5,iRemise,2,12.0
3700009272725,7.5,iRemise,2,12.0
3700009274958,7.5,iRemise,2,12.0
3700009272718,7.5,iRemise,2,12.0
3700009272695,7.5,iRemise,2,12.0
3700009273258,7.79,catalogue,1,0.0
3700009274262,7.79,catalogue,1,0.0
3302740058776,4.49,combinaison,3,100.0
3302740030925,4.19,combinaison,3,100.0
3302740030901,4.29,combinaison,3,100.0
3302740044816,4.29,combinaison,3,100.0
3302740030970,4.49,combinaison,3,100.0
3302740030963,4.29,combinaison,3,100.0
3302740030932,4.19,combinaison,3,100.0
3302740044786,4.29,combinaison,3,100.0
3760257091035,4.55,reduction,2,60.0
3760257091011,4.55,reduction,2,60.0
3237550044636,7.9,catalogue,1,0.0
3449865355615,3.65,combinaison,3,100.0
3449865249853,5.32,combinaison,3,100.0
8028257010377,6.09,combinaison,3,100.0
3700009277355,3.99,catalogue,1,0.0
3700009277379,3.99,catalogue,1,0.0
3700009277362,3.99,catalogue,1,0.0
3560071448196,3.99,reduction,2,30.0
3560071215347,5.75,reduction,2,20.0
3245390132918,5.79,reduction,2,20.0
3245390232885,3.29,reduction,2,20.0
3024720022439,2.89,combinaison,3,100.0
3024720020121,1.79,combinaison,3,100.0
3024720026543,4.45,combinaison,3,100.0
3024720020329,3.85,combinaison,3,100.0
3024720027748,2.79,combinaison,3,100.0
3024720020176,2.13,combinaison,3,100.0
3024720022422,2.42,combinaison,3,100.0
3245390031341,2.65,reduction,2,20.0
3560070875436,2.85,reduction,2,20.0
3023260020349,3.75,reduction,2,60.0
3245390135803,6.69,reduction,2,20.0
3700009275047,5.9,catalogue,1,0.0
3700009275009,5.9,catalogue,1,0.0
3700009275030,5.9,catalogue,1,0.0
3700009275016,5.9,catalogue,1,0.0
3242274002053,2.44,reduction,1,34.0
3242274004651,2.8,reduction,1,34.0
3242274007058,2.8,reduction,1,34.0
3242274008550,2.44,reduction,1,34.0
3242274005658,2.8,reduction,1,34.0
3242274001759,2.44,reduction,1,34.0
3700009217511,7.2,catalogue,1,0.0
3367651004885,3.19,reduction,2,68.0
3700009255155,6.9,catalogue,1,0.0
3700009255094,6.9,catalogue,1,0.0
3700009255124,6.9,catalogue,1,0.0
3242274000554,2.8,reduction,1,34.0
3367651004878,3.19,reduction,2,68.0
3700009211472,7.2,catalogue,1,0.0
3367651004892,3.19,reduction,2,68.0
3700009240441,7.2,catalogue,1,0.0
3242272922056,2.14,combinaison,3,100.0
3242272920557,2.49,combinaison,3,100.0
3242272920359,2.49,combinaison,3,100.0
3242272921059,2.12,combinaison,3,100.0
3242272923251,2.14,combinaison,3,100.0
3242272923053,2.14,combinaison,3,100.0
3449865293832,3.95,reduction,2,68.0
3071507889006,3.95,reduction,2,68.0
3154230807780,5.49,catalogue,1,0.0
3449865241116,3.62,combinaison,3,100.0
3276559957950,2.18,catalogue,1,0.0
3276559957882,5.07,catalogue,1,0.0
3498301003375,7.49,reduction,2,50.0
3449865293757,3.95,reduction,2,68.0
3449851140553,4.3,combinaison,3,100.0
3449860415727,3.09,combinaison,3,100.0
3449865267901,3.11,combinaison,3,100.0
3449865344251,4.84,combinaison,3,100.0
3449865328688,2.99,combinaison,3,100.0
3449858794001,5.33,combinaison,3,100.0
3449865293139,3.82,combinaison,3,100.0
3449865360800,2.29,combinaison,3,100.0
3449860429342,2.72,combinaison,3,100.0
3449865360817,2.29,combinaison,3,100.0
3449860415703,2.65,combinaison,3,100.0
3449854093009,2.32,combinaison,3,100.0
8028257010438,4.65,combinaison,3,100.0
8028257013347,3.35,combinaison,3,100.0
3498301003474,4.39,combinaison,3,100.0
3498301003344,4.39,combinaison,3,100.0
3498301003504,4.39,combinaison,3,100.0
3498301003450,4.39,combinaison,3,100.0
3498301003313,4.39,combinaison,3,100.0
3498301003498,4.39,combinaison,3,100.0
3498301003368,7.49,reduction,2,50.0
3245390158550,3.4,reduction,2,20.0
3024720026895,2.56,combinaison,3,100.0
8028257013378,4.89,combinaison,3,100.0
3083681151046,2.97,reduction,1,34.0
3560071449476,3.67,reduction,2,30.0
3245390232915,3.85,reduction,2,20.0
3292070007905,1.99,combinaison,3,100.0
3033491325250,1.49,combinaison,3,100.0
3033491139444,3.35,combinaison,3,100.0
3033491325755,1.85,combinaison,3,100.0
3033491592867,1.85,combinaison,3,100.0
3033491325762,1.49,combinaison,3,100.0
3033490699833,2.29,combinaison,3,100.0
3033491328527,3.88,combinaison,3,100.0
3033491325366,1.49,combinaison,3,100.0
3033491402807,1.81,combinaison,3,100.0
3033491147067,1.29,combinaison,3,100.0
3033491325359,1.49,combinaison,3,100.0
3033491325397,1.53,combinaison,3,100.0
3033491325403,1.49,combinaison,3,100.0
3033490545185,2.38,combinaison,3,100.0
3033491235405,2.05,combinaison,3,100.0
3033490907730,4.03,combinaison,3,100.0
3033491325694,2.79,combinaison,3,100.0
3033491139819,4.19,combinaison,3,100.0
3033491350863,1.36,combinaison,3,100.0
3033491350795,1.33,combinaison,3,100.0
3033491325373,1.49,combinaison,3,100.0
3033491350962,2.71,combinaison,3,100.0
3033491350955,4.51,combinaison,3,100.0
3033491732546,2.39,combinaison,3,100.0
3033491350672,4.25,combinaison,3,100.0
3033491325236,5.05,combinaison,3,100.0
3033491325267,1.51,combinaison,3,100.0
3033491325519,1.49,combinaison,3,100.0
3033491732553,2.39,combinaison,3,100.0
3033491235382,2.0,combinaison,3,100.0
3033491325243,1.49,combinaison,3,100.0
3033491325724,1.69,combinaison,3,100.0
3033491325700,2.79,combinaison,3,100.0
3033491325229,3.83,combinaison,3,100.0
3033491759789,2.44,combinaison,3,100.0
3033491347818,3.45,combinaison,3,100.0
3033491402784,1.81,combinaison,3,100.0
3033491350689,3.45,combinaison,3,100.0
3033491235412,1.73,combinaison,3,100.0
3033491235375,1.74,combinaison,3,100.0
3033491139970,2.28,combinaison,3,100.0
3033491351082,1.45,combinaison,3,100.0
3033490907723,3.02,combinaison,3,100.0
3033491601736,2.55,combinaison,3,100.0
3033490006099,2.79,reduction,2,60.0
3033490006105,2.79,reduction,2,60.0
3184670004517,2.79,combinaison,3,100.0
3184670004500,2.46,combinaison,3,100.0
3033491580017,3.75,catalogue,1,0.0
3329770077003,2.99,reduction,2,60.0
3329770083233,1.99,reduction,2,60.0
3560071221522,2.09,reduction,2,30.0
3560071421656,2.09,reduction,2,30.0
3560071421694,2.09,reduction,2,30.0
3329770063150,1.85,combinaison,3,100.0
3033491601750,2.55,combinaison,3,100.0
3033491325731,2.79,combinaison,3,100.0
3329770073272,1.99,reduction,2,60.0
3329770073289,1.99,reduction,2,60.0
3329770073265,1.99,reduction,2,60.0
3329770073296,1.99,reduction,2,60.0
3560071421731,2.09,reduction,2,30.0
3175681257542,2.32,reduction,2,68.0
3175681257566,2.32,reduction,2,68.0
3175681257528,2.32,reduction,2,68.0
3175681263130,2.32,reduction,2,68.0
3456300009750,3.03,reduction,2,60.0
3456300013054,2.95,reduction,2,60.0
3456300013047,2.95,reduction,2,60.0
7614800891008,4.99,combinaison,3,100.0
3456300014242,2.63,reduction,2,68.0
3456300014228,2.63,reduction,2,68.0
3456300014235,2.63,reduction,2,68.0
3175681272941,2.36,reduction,2,68.0
7617014202721,3.35,combinaison,3,100.0
7617014191766,3.09,combinaison,3,100.0
7617014202707,3.35,combinaison,3,100.0
7617014191742,3.09,combinaison,3,100.0
7617014202820,9.59,combinaison,3,100.0
7617014202806,9.59,combinaison,3,100.0
8000070051126,7.99,combinaison,3,100.0
8000070051096,7.99,combinaison,3,100.0
8000070055162,4.19,combinaison,3,100.0
3572420000436,3.9,combinaison,3,100.0
3572420000764,3.95,combinaison,3,100.0
3572420000757,2.99,combinaison,3,100.0
3572420001051,0.61,combinaison,3,100.0
5600317471613,5.91,reduction,1,20.0
5600244397567,5.91,reduction,1,20.0
5600317475413,5.96,reduction,1,20.0
3111902100037,2.8,reduction,1,34.0
7622210974365,5.25,combinaison,3,100.0
7622210593184,3.19,combinaison,3,100.0
3174061051114,2.99,reduction,2,68.0
3174061051152,2.49,reduction,2,68.0
3174061051138,2.99,reduction,2,68.0
3174061051121,3.05,reduction,2,68.0
3174061051145,2.49,reduction,2,68.0
3174061051169,2.85,reduction,2,68.0
3174061050407,6.29,reduction,2,68.0
3174061051015,2.74,reduction,2,68.0
3174061051022,3.19,reduction,2,68.0
3452200002624,3.39,reduction,2,68.0
3452200002600,3.39,reduction,2,68.0
3452200002235,3.09,reduction,2,68.0
3452200002662,3.39,reduction,2,68.0
3330720258083,2.55,combinaison,3,100.0
3452200009098,3.39,reduction,2,68.0
3452200009142,3.39,reduction,2,68.0
3452200009234,3.39,reduction,2,68.0
3452200009067,3.39,reduction,2,68.0
3452200009258,3.35,reduction,2,68.0
3452200009050,3.39,reduction,2,68.0
3330720258106,2.45,combinaison,3,100.0
3330720258069,2.05,combinaison,3,100.0
3179142040032,5.89,combinaison,4,100.0
3245411253844,0.65,reduction,2,30.0
3179142055203,4.55,combinaison,4,100.0
3330720237378,3.99,combinaison,3,100.0
3330720237255,3.25,combinaison,3,100.0
3560071095307,2.35,reduction,2,60.0
3456300011739,2.02,combinaison,3,100.0
3456300009880,3.19,reduction,2,60.0
3456300009910,3.03,reduction,2,60.0
3179142040049,5.12,combinaison,4,100.0
3179140213964,2.95,combinaison,4,100.0
3179142000425,3.75,combinaison,4,100.0
3179140103319,2.15,combinaison,4,100.0
3017620721922,4.8,reduction,2,60.0
8000500188620,4.75,reduction,2,60.0
7622201464103,3.39,combinaison,3,100.0
3392460481671,1.59,combinaison,3,100.0
3392460511200,1.59,combinaison,3,100.0
3017760502399,1.84,combinaison,3,100.0
3392460510050,1.59,combinaison,3,100.0
3017760791892,1.91,combinaison,3,100.0
5059321003745,2.35,combinaison,3,100.0
7613035421554,3.49,catalogue,1,0.0
7613033135538,3.59,catalogue,1,0.0
3456300011746,2.02,combinaison,3,100.0
3061990143839,5.0,catalogue,1,0.0
3061990143822,5.0,catalogue,1,0.0
3560071430078,0.99,reduction,2,30.0
3116430216366,11.8,Remise,1,34.0
3116430519252,11.8,Remise,1,34.0
3175681263147,2.89,reduction,2,68.0
3175681272934,2.36,reduction,2,68.0
3175681257535,2.32,reduction,2,68.0
7622210354662,3.04,combinaison,3,100.0
7614800170004,2.26,combinaison,3,100.0
7614800321000,1.99,combinaison,3,100.0
7614800121242,2.45,combinaison,3,100.0
7614800119096,2.33,combinaison,3,100.0
7614800256005,2.39,combinaison,3,100.0
7614800265229,2.75,combinaison,3,100.0
7614800150808,2.55,combinaison,3,100.0
7614800190002,2.25,combinaison,3,100.0
7614800277000,1.89,combinaison,3,100.0
7614800231088,2.45,combinaison,3,100.0
7614800136024,2.65,combinaison,3,100.0
7614800245009,2.55,combinaison,3,100.0
3456300015676,2.59,reduction,2,68.0
3456300015355,2.59,reduction,2,68.0
3456300014259,2.63,reduction,2,68.0
3701239902383,3.19,combinaison,3,100.0
8000500310427,2.78,reduction,2,50.0
8000500382769,2.59,catalogue,1,0.0
7622210707253,3.3,combinaison,3,100.0
7622210707192,3.3,combinaison,3,100.0
7622210706553,9.42,Remise,1,34.0
3178530415131,3.2,catalogue,1,0.0
3178530415193,3.68,catalogue,1,0.0
3175681272927,2.36,reduction,2,68.0
7613287598967,5.05,combinaison,3,100.0
7613287598936,5.09,combinaison,3,100.0
3103220061138,5.69,catalogue,1,0.0
3103220061862,1.7,catalogue,1,0.0
3501275112261,1.85,catalogue,1,0.0
3046920040488,2.49,reduction,2,50.0
3664346332521,2.55,combinaison,3,100.0
3664346332538,2.55,combinaison,3,100.0
3664346332590,2.55,combinaison,3,100.0
3664346337519,2.55,catalogue,1,0.0
3664346328234,4.69,catalogue,1,0.0
3560070821815,0.99,catalogue,1,0.0
3560071276775,0.99,catalogue,1,0.0
3270190129134,2.69,catalogue,1,0.0
3560070821099,0.89,catalogue,1,0.0
3560070821808,0.99,catalogue,1,0.0
3560070880812,0.99,catalogue,1,0.0
3560070361427,2.99,catalogue,1,0.0
3560071265649,0.99,catalogue,1,0.0
3560071413453,0.89,catalogue,1,0.0
3560070245734,3.15,catalogue,1,0.0
3560070821082,0.99,catalogue,1,0.0
3560071265625,3.15,catalogue,1,0.0
3270190124528,2.99,catalogue,1,0.0
3560070821846,0.99,catalogue,1,0.0
3560070113927,2.28,catalogue,1,0.0
3560071005788,2.99,catalogue,1,0.0
3560070821822,0.99,catalogue,1,0.0
3560070828722,0.89,catalogue,1,0.0
3560071276744,0.99,catalogue,1,0.0
3173289210204,3.75,catalogue,1,0.0
4601798030055,1.91,catalogue,1,0.0
8410031930658,2.1,catalogue,1,0.0
8410031936506,2.09,catalogue,1,0.0
8723400824343,4.7,catalogue,1,0.0
8723400824428,4.7,catalogue,1,0.0
8410031972290,2.1,catalogue,1,0.0
8410031936520,2.1,catalogue,1,0.0
8410031936469,2.1,catalogue,1,0.0
3103220047576,5.69,catalogue,1,0.0
3103220044025,5.59,catalogue,1,0.0
3103220045732,5.69,catalogue,1,0.0
3103220035337,5.59,catalogue,1,0.0
4001686716649,5.59,catalogue,1,0.0
3103220061855,1.7,catalogue,1,0.0
3103220036334,5.59,catalogue,1,0.0
3103220061831,3.85,catalogue,1,0.0
3103220045664,5.59,catalogue,1,0.0
3103220036402,5.59,catalogue,1,0.0
3103220061145,5.69,catalogue,1,0.0
57023397,0.98,combinaison,3,100.0
57023373,0.98,combinaison,3,100.0
3664346334679,4.79,catalogue,1,0.0
3664346334587,4.79,catalogue,1,0.0
3664346325585,4.79,catalogue,1,0.0
3116740037637,2.55,catalogue,1,0.0
3664346336796,6.29,catalogue,1,0.0
3116740036975,4.99,catalogue,1,0.0
3116740037743,2.83,catalogue,1,0.0
3664346331784,4.35,catalogue,1,0.0
3116740017332,1.65,catalogue,1,0.0
3664346331807,3.5,catalogue,1,0.0
3116740037729,2.83,catalogue,1,0.0
3116740037620,2.55,catalogue,1,0.0
3664346332361,4.35,catalogue,1,0.0
3664346338035,6.29,catalogue,1,0.0
3664346331777,4.35,catalogue,1,0.0
3664346337243,6.29,catalogue,1,0.0
3116740036098,4.99,catalogue,1,0.0
3116740037682,4.35,catalogue,1,0.0
3664346331791,3.5,catalogue,1,0.0
3664346331838,3.5,catalogue,1,0.0
3116740037712,4.99,catalogue,1,0.0
3116740037606,2.55,catalogue,1,0.0
4009900532839,1.79,catalogue,1,0.0
3501275112186,6.1,catalogue,1,0.0
3501275150300,4.31,catalogue,1,0.0
3501275112230,6.1,catalogue,1,0.0
3501271213047,1.85,catalogue,1,0.0
3501275112193,6.1,catalogue,1,0.0
3501275112377,8.9,catalogue,1,0.0
3501275112513,1.85,catalogue,1,0.0
3501275112506,1.85,catalogue,1,0.0
3501275112001,1.85,catalogue,1,0.0
3501275111806,1.85,catalogue,1,0.0
3501275112155,1.85,catalogue,1,0.0
3501271113033,1.85,catalogue,1,0.0
8000500166727,2.69,reduction,2,68.0
8000500319895,3.69,reduction,2,68.0
8000500319925,3.69,reduction,2,68.0
8000500341872,2.29,reduction,2,68.0
8000500167045,2.65,reduction,2,68.0
8000500166758,2.39,reduction,2,68.0
8000500205341,2.2,reduction,2,68.0
8000500166697,2.39,reduction,2,68.0
8000500166789,2.65,reduction,2,68.0
8000500381540,2.39,reduction,2,68.0
8000500379325,2.69,reduction,2,68.0
8000500379349,2.69,reduction,2,68.0
3116740037736,2.83,catalogue,1,0.0
3501271140039,1.85,catalogue,1,0.0
3501270074106,11.76,catalogue,1,0.0
5900951294204,4.81,combinaison,3,100.0
7616500927827,3.19,combinaison,3,100.0
3270190005834,3.75,reduction,2,30.0
7617014193517,3.83,combinaison,3,100.0
7617014193807,3.84,combinaison,3,100.0
7617014191728,3.19,combinaison,3,100.0
7617014193456,3.84,combinaison,3,100.0
7617014191667,3.19,combinaison,3,100.0
7617014191681,3.19,combinaison,3,100.0
7617014193272,9.05,combinaison,3,100.0
7617014193159,9.05,combinaison,3,100.0
7617014165347,3.65,combinaison,3,100.0
7617014193173,9.05,combinaison,3,100.0
7617014193272,9.05,combinaison,3,100.0
7617014193159,9.05,combinaison,3,100.0
7617014165347,3.65,combinaison,3,100.0
7617014193173,9.05,combinaison,3,100.0
7617014193418,3.84,combinaison,3,100.0
7617014187431,3.65,combinaison,3,100.0
7617014202783,4.54,combinaison,3,100.0
7617014199496,4.35,combinaison,3,100.0
7617014165385,3.79,combinaison,3,100.0
7617014193432,3.84,combinaison,3,100.0
7617014193210,9.05,combinaison,3,100.0
7617014191704,3.19,combinaison,3,100.0
7617014202684,3.19,combinaison,3,100.0
8000070059375,7.24,reduction,2,68.0
8000070059351,7.24,reduction,2,68.0
8000070059399,7.24,reduction,2,68.0
8000070059337,7.14,reduction,2,68.0
8000070053571,3.19,combinaison,3,100.0
8000070053625,3.19,combinaison,3,100.0
8000070053564,3.19,combinaison,3,100.0
8000070053861,8.59,combinaison,3,100.0
7630311506873,3.65,combinaison,3,100.0
7613036942683,4.05,combinaison,3,100.0
7613036959049,3.65,combinaison,3,100.0
7613287186782,3.65,combinaison,3,100.0
7613036961561,3.65,combinaison,3,100.0
7613036957083,3.65,combinaison,3,100.0
7613036961820,3.65,combinaison,3,100.0
7613036961622,3.65,combinaison,3,100.0
7613287301291,3.65,combinaison,3,100.0
7613287335524,4.05,combinaison,3,100.0
7613287414236,5.99,combinaison,3,100.0
7613036943673,4.05,combinaison,3,100.0
7613036961769,3.65,combinaison,3,100.0
7613287417817,5.99,combinaison,3,100.0
7613287418890,5.99,combinaison,3,100.0
7613036958967,3.65,combinaison,3,100.0
7613287414298,5.99,combinaison,3,100.0
7613036943826,4.09,combinaison,3,100.0
7613036939980,4.09,combinaison,3,100.0
7613036961684,3.65,combinaison,3,100.0
7613039854327,4.05,combinaison,3,100.0
7613036943765,4.05,combinaison,3,100.0
7617014202295,5.99,combinaison,3,100.0
7617014202271,5.99,combinaison,3,100.0
7617014202318,5.99,combinaison,3,100.0
8000070026827,4.15,combinaison,3,100.0
8000070026803,4.15,combinaison,3,100.0
7617014204015,17.15,combinaison,3,100.0
7617014199342,8.69,combinaison,3,100.0
7617014203995,17.15,combinaison,3,100.0
7617014199311,8.69,combinaison,3,100.0
8000070020559,14.29,combinaison,3,100.0
8000070062306,17.35,combinaison,3,100.0
8000070017719,7.19,combinaison,3,100.0
8000070025035,13.55,combinaison,3,100.0
7613287008497,8.65,combinaison,3,100.0
7613037204797,8.65,combinaison,3,100.0
7613037204889,8.65,combinaison,3,100.0
3270190007937,4.35,reduction,2,30.0
8000070012882,5.59,combinaison,3,100.0
8000070012141,4.39,combinaison,3,100.0
8000070014602,3.09,combinaison,3,100.0
8000070032835,1.79,combinaison,3,100.0
8000070014114,5.79,combinaison,3,100.0
8000070015104,3.65,combinaison,3,100.0
8000070032866,6.65,combinaison,3,100.0
8000070012813,3.05,combinaison,3,100.0
3033710074624,5.94,reduction,2,68.0
7613036451253,5.94,reduction,2,68.0
7613287855503,3.55,combinaison,3,100.0
3111902100198,2.7,reduction,1,34.0
3456300015461,3.69,reduction,2,68.0
7613034947611,3.39,reduction,2,68.0
3159470005071,2.75,reduction,2,68.0
5053827105590,2.75,reduction,2,68.0
5050083516313,2.75,reduction,2,68.0
5059319019710,2.99,combinaison,3,100.0
5053827199667,2.79,combinaison,3,100.0
5059319016344,2.99,combinaison,3,100.0
5053827199759,4.04,combinaison,3,100.0
5050083535079,5.4,combinaison,3,100.0
5059319016870,2.99,combinaison,3,100.0
5053827156219,3.99,combinaison,3,100.0
5053827199568,2.85,combinaison,3,100.0
5059321004759,2.29,combinaison,3,100.0
7613037793338,3.39,reduction,2,68.0
3572420000481,3.9,combinaison,3,100.0
7613034938688,3.39,reduction,2,68.0
5600317471606,5.91,reduction,1,20.0
8000070063143,8.29,combinaison,3,100.0
7622210642523,2.94,combinaison,3,100.0
3538280038934,4.1,combinaison,3,100.0
7622210721716,3.09,combinaison,3,100.0
7622210203960,2.95,combinaison,3,100.0
7622210722256,2.09,combinaison,3,100.0
7622201779399,3.71,combinaison,3,100.0
7622201779351,3.71,combinaison,3,100.0
7622210722621,2.36,combinaison,3,100.0
3014680087890,3.04,combinaison,3,100.0
7622210721662,3.09,combinaison,3,100.0
7622210615534,2.3,combinaison,3,100.0
7622210636348,2.83,combinaison,3,100.0
3538280038941,3.63,combinaison,3,100.0
7622210723178,2.46,combinaison,3,100.0
30075214,3.25,combinaison,3,100.0
7622210600233,1.89,combinaison,3,100.0
7622210579614,2.83,combinaison,3,100.0
7622210600257,1.93,combinaison,3,100.0
7622210615572,2.25,combinaison,3,100.0
7622210722522,2.42,combinaison,3,100.0
3014680004521,2.19,combinaison,3,100.0
7622201132552,2.69,combinaison,3,100.0
7622201132583,2.69,combinaison,3,100.0
3560070776177,1.47,iRemise,2,2.49
3560070776207,1.47,iRemise,2,2.49
3270190117209,1.47,iRemise,2,2.49
3270190136668,1.47,iRemise,2,2.49
3560070776238,1.47,iRemise,2,2.49
3046920071833,3.49,reduction,2,50.0
3173287403165,1.89,catalogue,1,0.0
7622300311902,2.1,combinaison,3,100.0
7622400013935,1.45,combinaison,3,100.0
7622210616050,4.78,combinaison,3,100.0
5410081200759,2.99,combinaison,3,100.0
7622210724557,2.01,combinaison,3,100.0
7622400853210,3.77,combinaison,3,100.0
7622210738769,2.94,combinaison,3,100.0
5410081200445,1.89,combinaison,3,100.0
7622201126339,3.45,combinaison,3,100.0
7622210616067,4.78,combinaison,3,100.0
7622210438270,3.32,combinaison,3,100.0
7622210765352,4.49,combinaison,3,100.0
7622201640965,3.29,combinaison,3,100.0
7622201788148,3.25,combinaison,3,100.0
7622300630676,2.23,combinaison,3,100.0
7622400817410,2.47,combinaison,3,100.0
7622210926845,2.39,combinaison,3,100.0
7622201817008,3.15,combinaison,3,100.0
7622400006753,1.46,combinaison,3,100.0
7622400013942,2.65,combinaison,3,100.0
7622210728920,2.94,combinaison,3,100.0
3045140015849,3.3,combinaison,3,100.0
7622201517168,1.59,combinaison,3,100.0
7622210438294,2.47,combinaison,3,100.0
7622210995049,2.35,combinaison,3,100.0
7622210995124,3.03,combinaison,3,100.0
5410081200551,1.99,combinaison,3,100.0
5410081200124,3.75,combinaison,3,100.0
7622210616043,4.78,combinaison,3,100.0
5410081206201,4.01,combinaison,3,100.0
7622210616036,4.78,combinaison,3,100.0
7622210616029,4.78,combinaison,3,100.0
7622210423283,2.95,combinaison,3,100.0
7622210738752,2.69,combinaison,3,100.0
7622210869616,2.12,combinaison,3,100.0
7622400013928,2.52,combinaison,3,100.0
7622210995087,2.45,combinaison,3,100.0
7622200002290,3.42,combinaison,3,100.0
7622210995100,2.49,combinaison,3,100.0
7622210995025,2.72,combinaison,3,100.0
7622210995063,2.36,combinaison,3,100.0
7622201817145,3.15,combinaison,3,100.0
3046920040440,1.99,reduction,2,50.0
7610400020206,10.49,reduction,2,50.0
3046920022705,1.49,reduction,2,50.0
3046920017541,1.82,reduction,2,50.0
3046920013901,3.29,reduction,2,50.0
3046920040389,1.92,reduction,2,50.0
4000539280405,1.82,reduction,2,50.0
3046920021630,2.99,reduction,2,50.0
3046920047708,2.64,reduction,2,50.0
3046920042888,2.66,reduction,2,50.0
3046920042932,2.69,reduction,2,50.0
3046920047302,2.75,reduction,2,50.0
3046920013895,3.35,reduction,2,50.0
3046920010856,2.25,reduction,2,50.0
3046920013918,3.79,reduction,2,50.0
3046920042499,2.69,reduction,2,50.0
3046920017688,2.14,reduction,2,50.0
3046920010603,1.81,reduction,2,50.0
3046920013925,3.95,reduction,2,50.0
3046920028721,1.48,reduction,2,50.0
3046920040358,2.65,reduction,2,50.0
3046920047920,2.85,reduction,2,50.0
7610400087315,1.47,reduction,2,50.0
3046920084000,1.53,reduction,2,50.0
3046920020183,2.93,reduction,2,50.0
7610400090933,1.85,reduction,2,50.0
3046920029780,1.49,reduction,2,50.0
3046920022606,1.47,reduction,2,50.0
3046920027861,1.39,reduction,2,50.0
3046920020213,4.05,reduction,2,50.0
3046920020862,2.09,reduction,2,50.0
3046920047883,3.09,reduction,2,50.0
3046920047852,2.93,reduction,2,50.0
3046920017503,1.73,reduction,2,50.0
3046920040259,2.69,reduction,2,50.0
3046920026000,2.65,reduction,2,50.0
3046920027885,1.45,reduction,2,50.0
3046920042765,2.09,reduction,2,50.0
3046920040419,1.92,reduction,2,50.0
4000539280504,1.88,reduction,2,50.0
8003340097244,5.23,reduction,2,50.0
3046920045360,2.33,reduction,2,50.0
8003340090177,5.53,reduction,2,50.0
7610400095884,2.63,reduction,2,50.0
7610400070577,1.45,reduction,2,50.0
3046920047364,2.96,reduction,2,50.0
7610400084895,1.45,reduction,2,50.0
3046920042963,2.23,reduction,2,50.0
3046920041911,2.44,reduction,2,50.0
3046920043380,2.24,reduction,2,50.0
3046920021043,2.62,reduction,2,50.0
3046920071628,3.49,reduction,2,50.0
3046920016377,1.65,reduction,2,50.0
3046920029681,1.63,reduction,2,50.0
3046920074018,5.83,reduction,2,50.0
3046920010047,2.02,reduction,2,50.0
3046920042567,2.47,reduction,2,50.0
3046920022507,1.44,reduction,2,50.0
7610400066204,4.04,reduction,2,50.0
3046920045407,2.17,reduction,2,50.0
3046920010283,1.44,reduction,2,50.0
3046920045384,2.39,reduction,2,50.0
3046920040372,1.99,reduction,2,50.0
3046920025980,2.72,reduction,2,50.0
3046920029759,1.54,reduction,2,50.0
3046920020992,2.12,reduction,2,50.0
3046920020206,4.05,reduction,2,50.0
3046920021494,1.95,reduction,2,50.0
3664346306638,3.59,reduction,2,60.0
3664346306652,3.59,reduction,2,60.0
7613287636041,5.05,combinaison,3,100.0
3046920021463,3.86,reduction,2,50.0
7613035898707,5.91,reduction,2,68.0
7613036431651,5.91,reduction,2,68.0
7613035587816,5.91,reduction,2,68.0
7613035040762,5.91,reduction,2,68.0
3021762496143,26.9,catalogue,1,0.0
3021762496167,26.9,catalogue,1,0.0
3452200002617,3.39,reduction,2,68.0
3330720258144,2.65,combinaison,3,100.0
3452200009173,3.39,reduction,2,68.0
3452200009166,3.29,reduction,2,68.0
3452200009135,3.39,reduction,2,68.0
3330720258090,2.59,combinaison,3,100.0
3017768557131,3.04,combinaison,3,100.0
3701239900860,3.09,combinaison,3,100.0
3760122961722,3.75,combinaison,3,100.0
3701239900273,3.25,combinaison,3,100.0
3760122961715,3.69,combinaison,3,100.0
3760122961708,3.69,combinaison,3,100.0
3701239902086,2.59,combinaison,3,100.0
3080920992156,2.99,combinaison,3,100.0
3307350014877,0.95,reduction,2,68.0
3080920994709,2.2,combinaison,3,100.0
3080920994648,2.2,combinaison,3,100.0
3080920100063,2.95,combinaison,3,100.0
3080920981969,2.38,combinaison,3,100.0
3080920994211,3.25,combinaison,3,100.0
3080920981891,1.75,combinaison,3,100.0
3080920983819,1.65,combinaison,3,100.0
3080920983901,2.59,combinaison,3,100.0
3080920983178,3.39,combinaison,3,100.0
3080920981839,2.79,combinaison,3,100.0
3080920994310,3.35,combinaison,3,100.0
3080920981730,2.65,combinaison,3,100.0
3080920981921,2.35,combinaison,3,100.0
3080920983840,2.59,combinaison,3,100.0
3080920982591,2.95,combinaison,3,100.0
3080920980580,2.89,combinaison,3,100.0
3080920990459,2.99,combinaison,3,100.0
3080920101220,3.57,combinaison,3,100.0
3080920107789,2.89,combinaison,3,100.0
3080920107802,2.79,combinaison,3,100.0
3080920100025,1.89,combinaison,3,100.0
3080920983871,1.65,combinaison,3,100.0
3080920101206,1.91,combinaison,3,100.0
3080920100032,3.29,combinaison,3,100.0
3178530405743,2.34,reduction,1,34.0
3560071260156,1.09,reduction,2,30.0
3017760491884,2.28,reduction,1,34.0
7622300707224,2.28,reduction,1,34.0
3017760437783,2.28,reduction,1,34.0
3179142897896,4.78,combinaison,4,100.0
3179142056965,5.24,combinaison,4,100.0
3179142056842,7.76,combinaison,4,100.0
3179142061334,4.49,combinaison,4,100.0
3270727701277,1.45,reduction,2,68.0
3456300015454,3.69,reduction,2,68.0
3560070888115,1.13,reduction,2,30.0
3560070888122,1.13,reduction,2,30.0
3560070888146,1.05,reduction,2,30.0
3560070928194,1.11,reduction,2,30.0
3560070928255,0.99,reduction,2,30.0
3255290254207,4.83,catalogue,1,0.0
3255290254184,4.83,catalogue,1,0.0
7622201641054,3.29,combinaison,3,100.0
3760122961289,3.19,combinaison,3,100.0
8000500325384,3.14,reduction,2,60.0
3330720237798,6.99,combinaison,3,100.0
3017620422003,2.79,reduction,2,50.0
3017620429484,4.65,reduction,2,50.0
59032823,3.95,reduction,2,50.0
3017620425035,5.59,reduction,2,50.0
3179142000449,5.85,combinaison,4,100.0
3178530405736,2.16,reduction,1,34.0
3664346331678,2.55,catalogue,1,0.0
3664346331906,2.55,catalogue,1,0.0
3165430100007,0.81,Remise,1,34.0
8000500359488,1.99,reduction,2,50.0
8000500359815,1.99,reduction,2,50.0
8000500359884,1.99,reduction,2,50.0
8000500359556,1.99,reduction,2,50.0
3760020509521,2.65,combinaison,3,100.0
3456300012538,3.15,combinaison,3,100.0
3456300012552,2.82,combinaison,3,100.0
3760020508982,4.14,combinaison,3,100.0
3760020508371,2.9,combinaison,3,100.0
3456300011753,2.79,combinaison,3,100.0
3179142061341,6.49,combinaison,4,100.0
3179142040100,6.35,combinaison,4,100.0
3179142060276,9.7,combinaison,4,100.0
3179142720200,4.09,combinaison,4,100.0
3456300015263,1.99,combinaison,3,100.0
3456300015287,1.99,combinaison,3,100.0
3456300015256,1.99,combinaison,3,100.0
3456300015270,1.99,combinaison,3,100.0
7614800030278,2.92,combinaison,3,100.0
3456300014686,2.49,combinaison,3,100.0
3456300014693,2.49,combinaison,3,100.0
3038359010040,2.14,reduction,1,34.0
3165950221046,2.35,combinaison,3,100.0
3165950221060,2.45,combinaison,3,100.0
3165950221053,2.35,combinaison,3,100.0
3165950221077,2.45,combinaison,3,100.0
3560071223304,1.99,reduction,2,30.0
3560071015367,1.94,reduction,2,30.0
3560071161668,1.99,reduction,2,30.0
3700663001228,6.74,reduction,2,68.0
3700663001235,7.99,reduction,2,68.0
3700663001198,8.31,reduction,2,68.0
3700663001204,5.99,reduction,2,68.0
3700663001211,5.73,reduction,2,68.0
3700663001112,3.99,reduction,2,68.0
8997212610412,1.59,reduction,2,60.0
8997212610696,2.99,reduction,2,60.0
3700663001129,3.26,reduction,2,68.0
3560071170288,1.99,reduction,2,30.0
3229820802855,2.95,combinaison,3,100.0
3229820802824,2.95,combinaison,3,100.0
3560070393619,1.45,reduction,2,30.0
3700663001143,3.99,reduction,2,68.0
3700663001488,3.99,reduction,2,68.0
3229820802848,2.95,combinaison,3,100.0
3229820802831,2.95,combinaison,3,100.0
3229820796307,3.88,combinaison,3,100.0
3036811460365,2.99,combinaison,3,100.0
3036811460433,2.99,combinaison,3,100.0
3330720633804,1.99,combinaison,3,100.0
3036811460396,2.99,combinaison,3,100.0
3700663001167,3.99,reduction,2,68.0
3700663001181,3.99,reduction,2,68.0
3270720021563,4.49,reduction,2,68.0
3336971608059,3.99,reduction,2,68.0
3336972108053,2.24,reduction,2,68.0
3336971807094,1.79,reduction,2,68.0
3336971807049,2.24,reduction,2,68.0
7610216510236,1.96,combinaison,3,100.0
7610058209596,2.05,combinaison,3,100.0
7610058207738,2.19,combinaison,3,100.0
7610216312007,1.46,combinaison,3,100.0
7610216530234,1.59,combinaison,3,100.0
7610058207752,2.12,combinaison,3,100.0
7610216210464,1.51,combinaison,3,100.0
7610058207714,2.17,combinaison,3,100.0
7610216184000,1.51,combinaison,3,100.0
3327271707634,2.02,combinaison,3,100.0
3327271703193,1.99,combinaison,3,100.0
3609200010726,1.29,Remise,1,34.0
3609200010054,1.29,Remise,1,34.0
3229820181332,2.04,combinaison,3,100.0
3609200010993,1.29,Remise,1,34.0
3609200009126,1.29,Remise,1,34.0
3017760801799,2.14,Remise,1,34.0
7622210191366,2.14,Remise,1,34.0
7622210191359,2.14,Remise,1,34.0
3038359012563,1.29,reduction,1,34.0
7613036400671,1.69,combinaison,3,100.0
7613035952331,1.79,combinaison,3,100.0
7613032397623,1.79,combinaison,3,100.0
7613036400411,1.69,combinaison,3,100.0
7613036400640,1.69,combinaison,3,100.0
7613033687914,1.75,combinaison,3,100.0
7613033687983,1.65,combinaison,3,100.0
7613035781627,1.79,combinaison,3,100.0
7613033687884,1.55,combinaison,3,100.0
3229820793009,2.17,combinaison,3,100.0
3336971809029,2.25,reduction,2,68.0
3165950217773,2.65,combinaison,3,100.0
3497917000907,1.34,combinaison,3,100.0
3497917003168,1.34,combinaison,3,100.0
3497917002741,1.34,combinaison,3,100.0
3497917000518,1.34,combinaison,3,100.0
3497911101129,1.34,combinaison,3,100.0
3497911105127,1.29,combinaison,3,100.0
3336972007035,1.73,reduction,2,68.0
3336971805021,1.69,reduction,2,68.0
3336971805038,1.69,reduction,2,68.0
3336972109104,1.75,reduction,2,68.0
8437000906476,2.68,combinaison,3,100.0
3038359011528,1.15,reduction,1,34.0
3038359012327,1.75,reduction,1,34.0
3223920700127,0.89,reduction,1,34.0
3223920630134,1.76,reduction,1,34.0
3223920710133,1.97,reduction,1,34.0
3223920620128,1.58,reduction,1,34.0
8997212610405,1.83,reduction,2,60.0
8886303210559,2.93,reduction,2,60.0
8886303210207,1.77,reduction,2,60.0
3609200011150,1.97,Remise,1,34.0
3609200011143,1.91,Remise,1,34.0
3609200011129,1.97,Remise,1,34.0
3609200011136,1.91,Remise,1,34.0
3270720005709,3.89,reduction,2,68.0
3165950217780,2.65,combinaison,3,100.0
3165950215113,3.6,combinaison,3,100.0
3165950215120,3.45,combinaison,3,100.0
3165950223644,1.99,combinaison,3,100.0
3165950223637,1.99,combinaison,3,100.0
3165950223620,1.99,combinaison,3,100.0
3165950219845,1.95,combinaison,3,100.0
3165950215267,4.79,economie,1,34.0
3165950215250,4.79,economie,1,34.0
3165950215229,4.79,economie,1,34.0
3165950215236,4.79,economie,1,34.0
3165950215212,4.79,economie,1,34.0
3165950215205,4.79,economie,1,34.0
3165950216295,2.16,combinaison,3,100.0
3165950211726,1.97,combinaison,3,100.0
3165950216783,2.16,combinaison,3,100.0
3165950216776,2.16,combinaison,3,100.0
3165950210651,1.85,combinaison,3,100.0
3165950216011,1.99,combinaison,3,100.0
3165950217728,2.25,combinaison,3,100.0
3165954429011,2.31,combinaison,3,100.0
3165950083019,2.38,combinaison,3,100.0
3165958350014,1.84,combinaison,3,100.0
3165958535015,1.64,combinaison,3,100.0
3165957813015,1.76,combinaison,3,100.0
3165950216080,2.01,combinaison,3,100.0
3165957222015,1.78,combinaison,3,100.0
3165957953018,1.84,combinaison,3,100.0
3165957822017,1.45,combinaison,3,100.0
3165950049015,1.45,combinaison,3,100.0
3165950219821,2.05,combinaison,3,100.0
3067163657684,13.83,reduction,1,34.0
3067163658643,13.83,reduction,1,34.0
3067163658667,13.83,reduction,1,34.0
3336971608080,4.18,reduction,2,68.0
3560071249540,2.29,reduction,2,30.0
3330720633859,2.05,combinaison,3,100.0
8410179009391,5.9,combinaison,3,100.0
3229820801896,3.15,combinaison,3,100.0
8997212611181,1.55,reduction,2,60.0
8997212610689,2.49,reduction,2,60.0
8886303210535,2.92,reduction,2,60.0
8886303210238,1.23,reduction,2,60.0
3254474014378,1.99,reduction,2,60.0
3254474014361,1.99,reduction,2,60.0
3250541920139,2.38,economie,1,34.0
8718114734484,2.38,economie,1,34.0
3270720019362,3.55,reduction,2,68.0
3165950036015,1.73,combinaison,3,100.0
3449865240898,2.05,combinaison,3,100.0
3560070692842,1.1,reduction,2,30.0
3560071018900,1.1,reduction,2,30.0
3560070932641,1.1,reduction,2,30.0
3229820781334,2.62,combinaison,3,100.0
3165950217759,2.65,combinaison,3,100.0
3270720008137,4.19,reduction,2,68.0
3229820802527,1.45,combinaison,3,100.0
3229820802534,1.45,combinaison,3,100.0
3229820801612,1.65,combinaison,3,100.0
3229820801148,3.15,combinaison,3,100.0
3229820801193,3.15,combinaison,3,100.0
3229820801155,3.15,combinaison,3,100.0
3229820794709,1.65,combinaison,3,100.0
3229820794716,1.54,combinaison,3,100.0
3229820794723,3.14,combinaison,3,100.0
3229820762043,1.47,combinaison,3,100.0
3229820765372,1.55,combinaison,3,100.0
3229820801605,1.58,combinaison,3,100.0
5997523311216,2.82,combinaison,3,100.0
5997523313135,2.82,combinaison,3,100.0
5997523311230,2.76,combinaison,3,100.0
5997523324315,1.49,combinaison,3,100.0
5997523313197,2.82,combinaison,3,100.0
5997523324353,1.49,combinaison,3,100.0
3229820181370,2.93,combinaison,3,100.0
3229820181363,2.93,combinaison,3,100.0
3229820787626,2.61,combinaison,3,100.0
3229820762036,1.55,combinaison,3,100.0
3229820786711,1.55,combinaison,3,100.0
3229820765365,3.21,combinaison,3,100.0
3229820765389,1.47,combinaison,3,100.0
5011308700375,3.11,reduction,2,68.0
5011308700955,3.11,reduction,2,68.0
5011308700917,3.11,reduction,2,68.0
3560071086008,1.29,reduction,2,30.0
3560070825493,1.29,reduction,2,30.0
3560070825509,1.29,reduction,2,30.0
3560071225841,1.55,reduction,2,40.0
3560071225902,1.55,reduction,2,40.0
3560071225872,1.49,reduction,2,40.0
3560071225803,1.55,reduction,2,40.0
8008343235778,3.78,combinaison,3,100.0
3560071008574,4.47,reduction,2,30.0
3336971608066,5.25,reduction,2,68.0
14113913928,4.75,reduction,2,68.0
14113913942,4.75,reduction,2,68.0
3245369771957,2.7,combinaison,3,100.0
3245362031959,2.7,combinaison,3,100.0
3245362341959,2.7,combinaison,3,100.0
3245366921959,2.7,combinaison,3,100.0
3245360001114,2.7,combinaison,3,100.0
3560070047376,1.35,reduction,2,30.0
3229820802510,3.29,combinaison,3,100.0
3609200010986,1.29,Remise,1,34.0
3609200011013,1.29,Remise,1,34.0
3609200011006,1.29,Remise,1,34.0
3165950217810,2.61,combinaison,3,100.0
3165950218510,2.61,combinaison,3,100.0
3165950217803,2.61,combinaison,3,100.0
3065890151338,5.3,catalogue,1,0.0
3065890151352,5.3,catalogue,1,0.0
3229820765297,3.14,combinaison,3,100.0
3229820802435,3.4,combinaison,3,100.0
3038359007545,3.55,catalogue,1,0.0
3038359009426,3.55,catalogue,1,0.0
3165950222296,2.45,combinaison,3,100.0
3165950217070,2.51,combinaison,3,100.0
3165950217100,2.51,combinaison,3,100.0
3165950222272,2.45,combinaison,3,100.0
3165950217094,2.59,combinaison,3,100.0
3165950222289,2.36,combinaison,3,100.0
3263670124538,5.5,catalogue,1,0.0
3263670126136,5.5,catalogue,1,0.0
3263670126839,5.5,catalogue,1,0.0
3263670135435,5.5,catalogue,1,0.0
3263670126730,5.5,catalogue,1,0.0
3263670125436,5.5,catalogue,1,0.0
3263670115833,5.5,catalogue,1,0.0
3263670125931,5.5,catalogue,1,0.0
3019081238827,4.99,combinaison,3,100.0
3019081238766,4.99,combinaison,3,100.0
3019081238803,4.99,combinaison,3,100.0
3019081238797,4.99,combinaison,3,100.0
3165950219838,2.05,combinaison,3,100.0
40198668,1.63,combinaison,3,100.0
40198651,1.63,combinaison,3,100.0
8710637107127,2.29,combinaison,3,100.0
3700663001136,3.96,reduction,2,68.0
3700663001471,3.99,reduction,2,68.0
3038359005749,2.12,reduction,2,68.0
3038359005756,2.12,reduction,2,68.0
3038359005732,2.12,reduction,2,68.0
5011308303156,3.11,reduction,2,68.0
5011308303170,3.11,reduction,2,68.0
5011308303194,3.11,reduction,2,68.0
5011308303187,3.11,reduction,2,68.0
3229820801179,3.15,combinaison,3,100.0
3229820801186,3.15,combinaison,3,100.0
3229820801162,3.15,combinaison,3,100.0
3229820790824,3.32,combinaison,3,100.0
3229820765310,3.31,combinaison,3,100.0
3229820762050,2.97,combinaison,3,100.0
3229820798103,3.79,combinaison,3,100.0
3229820792262,2.98,combinaison,3,100.0
3229820794686,4.74,combinaison,3,100.0
3229820797991,3.14,combinaison,3,100.0
3449850418158,2.74,combinaison,3,100.0
3449853083001,1.99,combinaison,3,100.0
5997523324278,1.49,combinaison,3,100.0
5997523313272,2.82,combinaison,3,100.0
5997523324292,1.49,combinaison,3,100.0
5997523313111,2.61,combinaison,3,100.0
5997523313159,2.69,combinaison,3,100.0
5997523324377,1.49,combinaison,3,100.0
3036811460259,2.4,combinaison,3,100.0
3036811460266,2.49,combinaison,3,100.0
3036811460426,2.75,combinaison,3,100.0
3036811460280,2.49,combinaison,3,100.0
3036811460273,2.4,combinaison,3,100.0
3036811365738,4.75,economie,1,34.0
3036811368074,3.79,economie,1,34.0
3036811368111,3.79,economie,1,34.0
3036811365691,4.75,economie,1,34.0
3036811357764,4.75,economie,1,34.0
3036811368128,3.79,economie,1,34.0
3036811368081,3.79,economie,1,34.0
3036811365707,4.75,economie,1,34.0
3036811460419,2.75,combinaison,3,100.0
3229820799902,2.55,combinaison,3,100.0
3229820799896,2.55,combinaison,3,100.0
3229820799919,2.55,combinaison,3,100.0
3229820799889,2.55,combinaison,3,100.0
3229820181349,2.4,combinaison,3,100.0
3036811368203,3.79,economie,1,34.0
3038359012334,1.75,reduction,1,34.0
3263670234459,5.89,combinaison,3,100.0
3019081239770,8.43,catalogue,1,0.0
3165959308021,2.33,combinaison,3,100.0
3165959213028,2.15,combinaison,3,100.0
3165950221961,2.39,combinaison,3,100.0
3165957610010,1.79,combinaison,3,100.0
3165950258011,2.16,combinaison,3,100.0
3165950109016,2.25,combinaison,3,100.0
3165950221978,4.79,combinaison,3,100.0
3165950222159,3.55,combinaison,3,100.0
3165950222029,2.05,combinaison,3,100.0
3165950222111,4.25,combinaison,3,100.0
3165950222173,1.85,combinaison,3,100.0
3165950222180,3.75,combinaison,3,100.0
3165950222166,4.65,combinaison,3,100.0
3165950221145,2.99,combinaison,3,100.0
3165950221107,2.65,combinaison,3,100.0
3165950108019,2.25,combinaison,3,100.0
3165950110012,1.98,combinaison,3,100.0
3165950218305,2.46,combinaison,3,100.0
8710637106427,2.45,combinaison,3,100.0
3609200010733,1.29,Remise,1,34.0
3036811460372,3.1,combinaison,3,100.0
3229820802497,3.15,combinaison,3,100.0
3229820765341,2.99,combinaison,3,100.0
3229820798059,4.85,combinaison,3,100.0
3700663001150,3.96,reduction,2,68.0
3229820181387,3.21,combinaison,3,100.0
4008467054334,4.99,reduction,2,60.0
4008467054358,4.99,reduction,2,60.0
3760184013582,3.99,reduction,2,30.0
3083681134711,2.65,combinaison,3,100.0
3760184013520,4.07,reduction,2,30.0
3760184010000,5.25,reduction,2,30.0
3760184013056,5.25,reduction,2,30.0
3083681012408,3.1,combinaison,3,100.0
3282740318578,2.99,combinaison,3,100.0
3083681054286,3.25,combinaison,3,100.0
8711327397620,4.56,reduction,2,60.0
3083681012354,2.5,combinaison,3,100.0
3083681104325,1.99,combinaison,3,100.0
3083681030990,2.99,combinaison,3,100.0
3083681047967,2.98,combinaison,3,100.0
3245414091238,2.37,reduction,2,30.0
3245413161840,2.55,reduction,2,30.0
3245413162595,2.55,reduction,2,30.0
3245414091078,2.55,reduction,2,30.0
3245414091221,2.55,reduction,2,30.0
3282740318646,5.1,combinaison,3,100.0
3282740302959,2.99,combinaison,3,100.0
3165440370384,6.2,combinaison,3,100.0
3165440370407,6.2,combinaison,3,100.0
3165440302507,5.1,combinaison,3,100.0
3282740370415,6.2,combinaison,3,100.0
3282741421741,2.85,combinaison,3,100.0
8711327539303,4.56,reduction,2,60.0
3083681115970,1.95,combinaison,3,100.0
3083680836371,1.5,combinaison,3,100.0
3599741005407,3.19,combinaison,3,100.0
3760184011137,5.35,reduction,2,30.0
3760197633364,4.5,reduction,2,68.0
3599741005995,6.0,combinaison,3,100.0
3599741005193,8.35,reduction,2,60.0
8710438115413,4.4,reduction,2,60.0
8710438115383,4.4,reduction,2,60.0
8710438124941,3.75,reduction,2,68.0
8710438118032,3.75,reduction,2,68.0
8710438121797,3.75,reduction,2,68.0
8710438118063,3.75,reduction,2,68.0
3282741660201,2.99,combinaison,3,100.0
3165441660002,3.25,combinaison,3,100.0
8711327371002,4.56,reduction,2,60.0
8711327539624,4.56,reduction,2,60.0
8711327539877,4.56,reduction,2,60.0
8711327318144,6.2,reduction,2,60.0
8711327321045,6.15,reduction,2,60.0
8711327374515,4.56,reduction,2,60.0
8711327320628,6.39,reduction,2,60.0
8711327321724,5.1,reduction,2,60.0
8711327539396,4.56,reduction,2,60.0
8711327548404,5.89,reduction,2,60.0
8711327370708,4.56,reduction,2,60.0
8711327374324,4.56,reduction,2,60.0
8711327373105,4.56,reduction,2,60.0
8711327374256,4.56,reduction,2,60.0
8711327386334,4.56,reduction,2,60.0
8711327320741,6.65,reduction,2,60.0
5900130034980,2.59,reduction,1,30.0
5900130033846,2.59,reduction,1,30.0
5900130033884,3.08,reduction,1,30.0
5903021303882,2.59,reduction,1,30.0
5900130034706,2.59,reduction,1,30.0
5900130033921,3.08,reduction,1,30.0
8711327391253,3.44,combinaison,3,100.0
8711327540293,3.44,combinaison,3,100.0
8711327539716,3.44,combinaison,3,100.0
8711327537392,3.44,combinaison,3,100.0
8711327384682,3.44,combinaison,3,100.0
8717163690475,3.44,combinaison,3,100.0
5900130036298,2.59,reduction,1,30.0
8606018615797,2.71,reduction,1,34.0
8606018615759,2.71,reduction,1,34.0
8606018614288,2.71,reduction,1,34.0
8606018614585,2.71,reduction,1,34.0
8000500384718,3.89,reduction,2,60.0
8000500384664,3.89,reduction,2,60.0
5900130031118,2.59,reduction,1,30.0
5900130035055,3.08,reduction,1,30.0
5900130030630,2.59,reduction,1,30.0
5900130030982,2.59,reduction,1,30.0
5900130031194,2.59,reduction,1,30.0
5900130031279,2.59,reduction,1,30.0
3282740070490,2.99,combinaison,3,100.0
3760184013513,4.69,reduction,2,30.0
3083681115949,2.99,combinaison,3,100.0
3083680019408,2.49,combinaison,3,100.0
3083681027181,2.96,combinaison,3,100.0
3083681070354,2.8,combinaison,3,100.0
3599741006350,3.19,combinaison,3,100.0
3599741006343,2.39,combinaison,3,100.0
3599741006336,2.39,combinaison,3,100.0
3083681134681,2.65,combinaison,3,100.0
3700417302076,4.5,reduction,2,68.0
3282740070704,5.1,combinaison,3,100.0
3760197633036,4.5,reduction,2,68.0
3760197630103,4.5,reduction,2,68.0
3282740599151,3.05,combinaison,3,100.0
3760184010987,4.29,reduction,2,30.0
3450350071231,2.99,combinaison,3,100.0
3282740599557,2.99,combinaison,3,100.0
3760184010642,4.29,reduction,2,30.0
3760184013544,4.03,reduction,2,30.0
3760184013360,4.15,reduction,2,30.0
3599741006008,4.98,combinaison,3,100.0
3230890004544,5.15,reduction,2,50.0
3083681141061,3.39,combinaison,3,100.0
3083681141092,3.29,combinaison,3,100.0
3083681141030,3.15,combinaison,3,100.0
3282740301006,3.95,combinaison,3,100.0
3760197630127,4.5,reduction,2,68.0
3760197630110,4.5,reduction,2,68.0
3083681116007,3.6,combinaison,3,100.0
3083681032345,2.99,combinaison,3,100.0
3424600001392,5.99,combinaison,3,100.0
3424600001408,5.99,combinaison,3,100.0
3424600001422,5.99,combinaison,3,100.0
3424600001415,5.99,combinaison,3,100.0
3424600001446,5.99,combinaison,3,100.0
3270190026709,3.4,reduction,2,30.0
3560070693337,3.4,reduction,2,30.0
3270190202769,2.79,reduction,2,30.0
3560071013554,3.4,reduction,2,30.0
3270190026716,3.4,reduction,2,30.0
3760184013353,4.69,reduction,2,30.0
3760184013315,4.69,reduction,2,30.0
3760184013322,4.59,reduction,2,30.0
3760184013339,4.69,reduction,2,30.0
3760184013384,4.15,reduction,2,30.0
3760184013551,10.29,reduction,2,30.0
3760184013407,4.09,reduction,2,30.0
3165440301371,3.99,combinaison,3,100.0
3282740301365,4.15,combinaison,3,100.0
3282740380216,3.95,combinaison,3,100.0
3282740301334,5.99,combinaison,3,100.0
3165441660026,4.0,combinaison,3,100.0
3282740380117,4.99,combinaison,3,100.0
3083681116977,2.79,combinaison,3,100.0
3083681116908,2.79,combinaison,3,100.0
3083681117011,2.79,combinaison,3,100.0
3083681117158,2.79,combinaison,3,100.0
3083681116939,2.79,combinaison,3,100.0
3083681117042,2.99,combinaison,3,100.0
3270190026686,2.79,reduction,2,30.0
3245412064562,2.79,reduction,2,30.0
3282740210575,2.99,combinaison,3,100.0
3282740210513,2.99,combinaison,3,100.0
3083681134650,2.65,combinaison,3,100.0
3599741004653,2.99,combinaison,3,100.0
3599741004660,2.99,combinaison,3,100.0
3599741003359,3.29,combinaison,3,100.0
3599741003380,3.56,combinaison,3,100.0
3083681066838,2.99,combinaison,3,100.0
3083681066852,2.99,combinaison,3,100.0
3083681066845,2.99,combinaison,3,100.0
3760184010796,3.99,reduction,2,30.0
3165440239469,2.55,combinaison,3,100.0
3165440240618,2.55,combinaison,3,100.0
3165440240663,2.55,combinaison,3,100.0
3230890004537,5.15,reduction,2,50.0
3272460123897,5.1,reduction,2,68.0
3272460122999,5.1,reduction,2,68.0
3261570007869,5.99,economie,1,34.0
3272460124580,2.7,reduction,2,68.0
3272460124573,2.7,reduction,2,68.0
3272460122364,5.1,reduction,2,68.0
3272460122753,5.1,reduction,2,68.0
3272460123385,5.1,reduction,2,68.0
3272460121619,2.7,reduction,2,68.0
3272460123002,2.7,reduction,2,68.0
3261570007845,3.7,economie,1,34.0
3700749305882,5.65,combinaison,3,100.0
3760186970593,4.79,combinaison,3,100.0
3760186971279,4.05,combinaison,3,100.0
3760186970586,4.05,combinaison,3,100.0
3760186970562,6.15,combinaison,3,100.0
3245415704458,4.35,reduction,2,50.0
3245415713412,13.7,reduction,2,50.0
3245414948709,4.35,reduction,2,50.0
3502110009463,6.8,combinaison,3,100.0
3257971109011,3.9,combinaison,3,100.0
5010677801553,12.89,economie,1,30.0
5010677801607,12.89,economie,1,30.0
5010103931502,9.43,iRemise,1,1.3
3047100055421,8.39,iRemise,2,2.5
3011932000829,7.75,economie,1,34.0
3324020303758,2.21,reduction,2,50.0
3324020008752,3.2,reduction,2,50.0
3324020015750,3.2,reduction,2,50.0
3324020001753,3.2,reduction,2,50.0
8714800038461,5.1,reduction,2,50.0
3119789827412,4.99,reduction,2,60.0
3573470800045,3.0,reduction,2,50.0
5740700983160,6.99,reduction,2,68.0
7310070004871,2.4,reduction,2,68.0
3760135622009,2.9,reduction,2,68.0
3080216058887,5.99,reduction,2,68.0
7310070004215,2.75,reduction,2,68.0
3760135621101,7.99,reduction,2,68.0
5740700983122,1.99,reduction,2,68.0
5014379007244,8.15,reduction,2,60.0
5014379007282,4.48,reduction,2,60.0
3272460124689,2.9,combinaison,3,100.0
3272460124719,2.9,combinaison,3,100.0
5410228294085,3.43,reduction,1,30.0
5410228294115,6.23,reduction,1,30.0
5014379003482,7.99,economie,1,30.0
5010017118488,14.04,economie,1,30.0
5014379000320,7.73,economie,1,30.0
5410228213048,2.03,economie,1,30.0
5410228228455,4.42,economie,1,30.0
5010017118501,4.27,economie,1,30.0
5411551210513,5.15,reduction,2,50.0
3119780268382,13.65,reduction,2,60.0
3119789828938,3.29,reduction,2,60.0
3700693900133,2.6,combinaison,3,100.0
3700693900096,2.6,combinaison,3,100.0
3700693901789,4.59,reduction,1,34.0
3261570003458,4.15,economie,1,34.0
3261570006329,4.4,economie,1,34.0
3119780268894,15.75,economie,1,30.0
8712000050702,4.59,reduction,2,60.0
8712000052492,7.35,reduction,2,60.0
8712000050368,3.99,reduction,2,60.0
8712000057930,7.65,reduction,2,68.0
3271914230754,3.29,combinaison,3,100.0
3271912000755,2.58,combinaison,3,100.0
3271913000754,2.58,combinaison,3,100.0
5410693100447,16.14,economie,1,34.0
3272460151579,6.99,reduction,2,68.0
3261570000044,2.35,economie,1,34.0
3261570007401,3.95,economie,1,34.0
3261570008248,4.95,economie,1,34.0
3261570007883,4.65,economie,1,34.0
3261570000655,1.6,economie,1,34.0
3261570000723,1.3,economie,1,34.0
3261570004189,5.05,economie,1,34.0
3261570004523,1.95,economie,1,34.0
3261570007722,9.65,economie,1,34.0
3261570004516,1.9,economie,1,34.0
3261570007012,6.3,economie,1,34.0
3261570007739,2.15,economie,1,34.0
3261570005278,1.35,economie,1,34.0
3261570004196,2.89,economie,1,34.0
3261570006121,9.97,economie,1,34.0
3261570007005,4.99,economie,1,34.0
3261570001546,5.02,economie,1,34.0
3261570005315,1.65,economie,1,34.0
3261570002086,25.1,economie,1,34.0
723830770010,2.25,combinaison,3,100.0
723830000100,2.25,combinaison,3,100.0
5410228202608,7.64,reduction,2,60.0
5410228197089,8.99,reduction,2,60.0
5410228244028,8.99,reduction,2,60.0
5410228230441,4.65,reduction,2,60.0
5410228147213,4.95,reduction,2,60.0
5410228191551,4.95,reduction,2,60.0
5410228292357,4.95,reduction,2,60.0
5410228142119,4.95,reduction,2,60.0
5411656051479,1.65,combinaison,3,100.0
5411656051370,3.65,combinaison,3,100.0
3080216037462,2.54,reduction,1,34.0
3080216039312,4.98,reduction,1,34.0
3080216050164,2.54,reduction,1,34.0
3080216053745,2.54,reduction,1,34.0
3080216055336,3.5,reduction,2,60.0
3080216055367,3.5,reduction,2,60.0
5410693100492,15.06,economie,1,34.0
3261570007050,3.54,combinaison,3,100.0
3261570008279,3.54,combinaison,3,100.0
3080216036960,1.38,reduction,1,34.0
5410228293286,8.35,reduction,2,60.0
5410228282587,3.3,reduction,2,60.0
3573470800014,2.95,reduction,2,50.0
3347970000270,3.54,combinaison,3,100.0
3119780272747,4.55,reduction,2,60.0
3119789827498,6.29,reduction,2,60.0
3119780273911,3.49,reduction,2,60.0
3119780273904,3.59,reduction,2,60.0
5410228256649,8.99,reduction,2,60.0
5410228242000,4.95,reduction,2,60.0
3502110005014,5.35,reduction,2,50.0
8710398521712,0.94,reduction,1,34.0
8710398521682,0.94,reduction,1,34.0
8710398521743,0.94,reduction,1,34.0
8710398521774,0.94,reduction,1,34.0
7630040401357,7.75,economie,1,34.0
3124480204127,1.95,combinaison,3,100.0
5060335632357,4.32,reduction,2,50.0
8710398523952,0.94,reduction,1,34.0
3168930168881,0.94,reduction,1,34.0
3551720203358,1.15,reduction,1,30.0
5010327253848,11.01,Remise,1,15.0
5000299628034,16.2,Remise,1,20.0
5010196091008,13.62,Remise,1,20.0
3259456003005,15.0,economie,1,34.0
3259456003081,15.0,economie,1,34.0
3245390020314,2.4,reduction,2,68.0
3245390020321,2.4,reduction,2,68.0
3560071430597,3.05,reduction,2,68.0
3560071430689,3.05,reduction,2,68.0
3211201124731,7.46,reduction,1,34.0
3104760004128,5.09,iRemise,1,1.0
5010677714006,20.6,iRemise,1,1.0
3068320118451,1.28,combinaison,3,100.0
3068320118420,1.28,combinaison,3,100.0
3068320011837,2.72,combinaison,3,100.0
3068320105192,0.8,combinaison,3,100.0
3068320105222,0.96,combinaison,3,100.0
3068320110103,3.72,combinaison,3,100.0
3068320118437,1.28,combinaison,3,100.0
3068320114460,3.66,combinaison,3,100.0
7613035024038,1.76,reduction,2,50.0
7613035974692,3.0,reduction,2,50.0
7613035284784,3.75,reduction,2,50.0
7613035833319,3.54,reduction,2,50.0
3468570221602,2.52,combinaison,3,100.0
7640175744168,22.5,iRemise,1,1.0
7640175742522,23.7,iRemise,1,1.0
5010677180016,25.9,iRemise,1,1.0
7640175743284,23.99,iRemise,1,1.0
5010677710497,14.7,iRemise,1,1.0
3147690059103,15.45,economie,1,10.0
3147690060703,10.85,economie,1,10.0
3147699121689,12.94,economie,1,10.0
3147699118344,12.94,economie,1,10.0
5000291025824,26.1,Remise,1,10.0
5000291023462,26.1,Remise,1,10.0
5000281015248,19.55,Remise,1,10.0
3271471000609,2.55,reduction,2,68.0
3271471000630,2.55,reduction,2,68.0
3271471000661,3.39,reduction,2,68.0
3551720201354,1.15,reduction,1,30.0
3104760003855,5.09,iRemise,1,1.0
3104760003862,5.09,iRemise,1,1.0
3104760003886,5.09,iRemise,1,1.0
3104760003879,5.09,iRemise,1,1.0
3041311027635,5.01,Remise,1,34.0
5010103931519,9.43,iRemise,1,1.3
3560071252755,4.75,reduction,2,30.0
3560071252793,2.5,reduction,2,30.0
3560071238674,1.99,reduction,2,30.0
3163937010003,19.15,economie,1,34.0
5000281055909,16.25,iRemise,1,2.0
3377450000018,14.35,iRemise,1,2.0
3290370006079,21.24,Remise,1,15.0
3290370006055,21.24,Remise,1,15.0
3326351513998,15.99,iRemise,1,2.0
3328731030019,16.69,Remise,1,10.0
3255610017260,11.72,Remise,1,20.0
3255611153110,8.79,Remise,1,20.0
3255610041265,12.72,Remise,1,20.0
3255610045065,15.99,Remise,1,20.0
3255610048028,17.96,Remise,1,20.0
3255610045034,16.79,Remise,1,20.0
3255610035721,14.92,Remise,1,20.0
3255610043573,15.99,Remise,1,20.0
3770005053239,29.9,NULL,1,0.0
3614860000604,13.99,iRemise,1,2.0
4989501114569,32.99,iRemise,1,5.0
811538013062,26.52,iRemise,1,4.0
3267130040550,14.49,iRemise,1,2.5
3267130027933,12.49,iRemise,1,2.5
3011932000843,7.75,economie,1,34.0
3011932000805,7.75,economie,1,34.0
3092718627911,2.09,reduction,2,68.0
3092718627881,2.05,reduction,2,68.0
3092718627850,2.05,reduction,2,68.0
5449000132680,9.25,iRemise,1,1.5
5449000015532,5.01,reduction,1,30.0
3551720204874,1.15,reduction,1,30.0
3502110008343,4.2,reduction,2,60.0
3502110009371,4.2,reduction,2,60.0
3124480183927,1.67,combinaison,3,100.0
3124480002501,1.67,combinaison,3,100.0
3770002991701,6.57,reduction,1,34.0
3245415834964,3.25,reduction,2,68.0
3245415804622,3.25,reduction,2,68.0
3662312017359,2.77,reduction,1,34.0
3662312017397,2.77,reduction,1,34.0
3021891073581,4.4,reduction,2,68.0
3662312018639,2.77,reduction,1,34.0
3662312005790,9.01,reduction,1,34.0
3662312017373,2.77,reduction,1,34.0
3660989153042,14.3,reduction,2,68.0
3662312022001,5.93,reduction,1,34.0
3245415836777,3.25,reduction,2,68.0
3662312005806,9.01,reduction,1,34.0
3021891073529,4.4,reduction,2,68.0
3021891073543,4.4,reduction,2,68.0
3506707003018,6.95,economie,1,34.0
3438910867845,2.9,combinaison,3,100.0
3211203421852,2.65,reduction,1,34.0
3438910867838,2.9,combinaison,3,100.0
8410414000466,12.89,economie,1,30.0
3147690059004,14.62,Remise,1,10.0
5010106110232,19.14,Remise,1,20.0
5010496020821,40.42,Remise,1,25.0
5010496006191,23.99,Remise,1,25.0
5000267102573,28.38,iRemise,1,3.0
3163937637002,19.65,economie,1,34.0
5000299101209,19.61,Remise,1,25.0
5010327253749,15.6,Remise,1,15.0
5010327255033,13.42,Remise,1,15.0
5010327202204,23.37,Remise,1,15.0
5010327250007,11.43,Remise,1,15.0
5010327255026,13.42,Remise,1,15.0
5010103800259,15.72,reduction,2,40.0
5010196092142,17.2,Remise,1,20.0
5060045585295,17.2,Remise,1,20.0
3147690051107,18.2,economie,1,34.0
5010019637604,29.74,Remise,1,15.0
3770005053291,19.9,NULL,1,0.0
3012993059320,13.99,economie,1,34.0
4901777303553,35.99,Remise,1,10.0
4711588858490,30.99,iRemise,1,7.0
3229820762067,3.89,combinaison,3,100.0
3229820799384,3.64,combinaison,3,100.0
3229820181356,2.45,combinaison,3,100.0
3229820765334,2.59,combinaison,3,100.0
3229820790060,1.99,combinaison,3,100.0
3229820765303,7.69,combinaison,3,100.0
8008343235761,3.78,combinaison,3,100.0
5997523313258,2.82,combinaison,3,100.0
